{
    "accuracy": 0.7467532467532467,
    "precision": 0.6119402985074627,
    "recall": 0.7592592592592593,
    "f1_score": 0.6776859504132231
}