{
    "accuracy": 0.9230769230769231,
    "precision": 0.9333333333333333,
    "recall": 0.9655172413793104,
    "f1_score": 0.9491525423728814
}