{
    "accuracy": 0.8688524590163934,
    "precision": 0.8333333333333334,
    "recall": 0.8928571428571429,
    "f1_score": 0.8620689655172413
}